Workbook

Sheet Sheet1
A1: PRN | B1: Name | C1: Math | D1: Science | E1: English | F1: History | G1: Computer | H1: TINKER | I1: TOTAL | J1: PERCENTAGE | K1: RESULTS | L1: DISTINCTION | M1: TOPPER LIST | N1: CLASS
A2: 25070521161 | B2: Student1 | C2: 74 | D2: 93 | E2: 94 | F2: 99 | G2: 99 | H2: A | I2: =SUM(C2:G2) -> 459 | J2: =AVERAGE(C2:G2) -> 91.8 | K2: =IF(AND(C2>=50,D2>=50,E2>=50,F2>=50,G2>=50,OR(H2="A",H2="B",H2="C")),"Pass","Fail") -> Pass | L2: =IF(AND(J2>=75),"DISTINCTION","BELOW DISTINCTION") -> DISTINCTION | M2: 1 | N2: =IF(AND(J2>=65,J2<75),"1ST CLASS","2NDCLASS") -> 2NDCLASS
A3: 25070521176 | B3: Student2 | C3: 99 | D3: 59 | E3: 95 | F3: 99 | G3: 94 | H3: A | I3: =SUM(C3:G3) -> 446 | J3: =AVERAGE(C3:G3) -> 89.2 | K3: =IF(AND(C3>=50,D3>=50,E3>=50,F3>=50,G3>=50,OR(H3="A",H3="B",H3="C")),"Pass","Fail") -> Pass | L3: =IF(AND(J3>=75),"DISTINCTION","BELOW DISTINCTION") -> DISTINCTION | M3: 2 | N3: =IF(AND(J3>=65,J3<75),"1ST CLASS","2NDCLASS") -> 2NDCLASS
A4: 25070521175 | B4: Student3 | C4: 77 | D4: 79 | E4: 90 | F4: 59 | G4: 95 | H4: A | I4: =SUM(C4:G4) -> 400 | J4: =AVERAGE(C4:G4) -> 80 | K4: =IF(AND(C4>=50,D4>=50,E4>=50,F4>=50,G4>=50,OR(H4="A",H4="B",H4="C")),"Pass","Fail") -> Pass | L4: =IF(AND(J4>=75),"DISTINCTION","BELOW DISTINCTION") -> DISTINCTION | M4: 3 | N4: =IF(AND(J4>=65,J4<75),"1ST CLASS","2NDCLASS") -> 2NDCLASS
A5: 25070521171 | B5: Student4 | C5: 67 | D5: 99 | E5: 48 | F5: 78 | G5: 99 | H5: B | I5: =SUM(C5:G5) -> 391 | J5: =AVERAGE(C5:G5) -> 78.2 | K5: =IF(AND(C5>=50,D5>=50,E5>=50,F5>=50,G5>=50,OR(H5="A",H5="B",H5="C")),"Pass","Fail") -> Fail | L5: =IF(AND(J5>=75),"DISTINCTION","BELOW DISTINCTION") -> DISTINCTION | M5: 4 | N5: =IF(AND(J5>=65,J5<75),"1ST CLASS","2NDCLASS") -> 2NDCLASS
A6: 25070521172 | B6: Student5 | C6: 90 | D6: 74 | E6: 89 | F6: 35 | G6: 94 | H6: C | I6: =SUM(C6:G6) -> 382 | J6: =AVERAGE(C6:G6) -> 76.4 | K6: =IF(AND(C6>=50,D6>=50,E6>=50,F6>=50,G6>=50,OR(H6="A",H6="B",H6="C")),"Pass","Fail") -> Fail | L6: =IF(AND(J6>=75),"DISTINCTION","BELOW DISTINCTION") -> DISTINCTION | M6: 5 | N6: =IF(AND(J6>=65,J6<75),"1ST CLASS","2NDCLASS") -> 2NDCLASS
A7: 25070521168 | B7: Student6 | C7: 94 | D7: 70 | E7: 89 | F7: 68 | G7: 57 | H7: B | I7: =SUM(C7:G7) -> 378 | J7: =AVERAGE(C7:G7) -> 75.6 | K7: =IF(AND(C7>=50,D7>=50,E7>=50,F7>=50,G7>=50,OR(H7="A",H7="B",H7="C")),"Pass","Fail") -> Pass | L7: =IF(AND(J7>=75),"DISTINCTION","BELOW DISTINCTION") -> DISTINCTION | M7: 6 | N7: =IF(AND(J7>=65,J7<75),"1ST CLASS","2NDCLASS") -> 2NDCLASS
A8: 25070521178 | B8: Student7 | C8: 97 | D8: 50 | E8: 88 | F8: 69 | G8: 66 | H8: A | I8: =SUM(C8:G8) -> 370 | J8: =AVERAGE(C8:G8) -> 74 | K8: =IF(AND(C8>=50,D8>=50,E8>=50,F8>=50,G8>=50,OR(H8="A",H8="B",H8="C")),"Pass","Fail") -> Pass | L8: =IF(AND(J8>=75),"DISTINCTION","BELOW DISTINCTION") -> BELOW DISTINCTION | M8: 7 | N8: =IF(AND(J8>=65,J8<75),"1ST CLASS","2NDCLASS") -> 1ST CLASS
A9: 25070521177 | B9: Student8 | C9: 67 | D9: 82 | E9: 76 | F9: 95 | G9: 47 | H9: A | I9: =SUM(C9:G9) -> 367 | J9: =AVERAGE(C9:G9) -> 73.4 | K9: =IF(AND(C9>=50,D9>=50,E9>=50,F9>=50,G9>=50,OR(H9="A",H9="B",H9="C")),"Pass","Fail") -> Fail | L9: =IF(AND(J9>=75),"DISTINCTION","BELOW DISTINCTION") -> BELOW DISTINCTION | M9: 8 | N9: =IF(AND(J9>=65,J9<75),"1ST CLASS","2NDCLASS") -> 1ST CLASS
A10: 25070521173 | B10: Student9 | C10: 91 | D10: 87 | E10: 55 | F10: 89 | G10: 38 | H10: C | I10: =SUM(C10:G10) -> 360 | J10: =AVERAGE(C10:G10) -> 72 | K10: =IF(AND(C10>=50,D10>=50,E10>=50,F10>=50,G10>=50,OR(H10="A",H10="B",H10="C")),"Pass","Fail") -> Fail | L10: =IF(AND(J10>=75),"DISTINCTION","BELOW DISTINCTION") -> BELOW DISTINCTION | M10: 9 | N10: =IF(AND(J10>=65,J10<75),"1ST CLASS","2NDCLASS") -> 1ST CLASS
A11: 25070521174 | B11: Student10 | C11: 50 | D11: 55 | E11: 99 | F11: 68 | G11: 87 | H11: A | I11: =SUM(C11:G11) -> 359 | J11: =AVERAGE(C11:G11) -> 71.8 | K11: =IF(AND(C11>=50,D11>=50,E11>=50,F11>=50,G11>=50,OR(H11="A",H11="B",H11="C")),"Pass","Fail") -> Pass | L11: =IF(AND(J11>=75),"DISTINCTION","BELOW DISTINCTION") -> BELOW DISTINCTION | M11: 10 | N11: =IF(AND(J11>=65,J11<75),"1ST CLASS","2NDCLASS") -> 1ST CLASS
A12: 25070521162 | B12: Student11 | C12: 86 | D12: 36 | E12: 69 | F12: 74 | G12: 80 | H12: B | I12: =SUM(C12:G12) -> 345 | J12: =AVERAGE(C12:G12) -> 69 | K12: =IF(AND(C12>=50,D12>=50,E12>=50,F12>=50,G12>=50,OR(H12="A",H12="B",H12="C")),"Pass","Fail") -> Fail | L12: =IF(AND(J12>=75),"DISTINCTION","BELOW DISTINCTION") -> BELOW DISTINCTION | M12: 11 | N12: =IF(AND(J12>=65,J12<75),"1ST CLASS","2NDCLASS") -> 1ST CLASS
A13: 25070521166 | B13: Student12 | C13: 38 | D13: 87 | E13: 88 | F13: 85 | G13: 43 | H13: A | I13: =SUM(C13:G13) -> 341 | J13: =AVERAGE(C13:G13) -> 68.2 | K13: =IF(AND(C13>=50,D13>=50,E13>=50,F13>=50,G13>=50,OR(H13="A",H13="B",H13="C")),"Pass","Fail") -> Fail | L13: =IF(AND(J13>=75),"DISTINCTION","BELOW DISTINCTION") -> BELOW DISTINCTION | M13: 12 | N13: =IF(AND(J13>=65,J13<75),"1ST CLASS","2NDCLASS") -> 1ST CLASS
... A21: 25070521165 | B21: Student20 | C21: 46 | D21: 42 | E21: 69 | F21: 55 | G21: 38 | H21: A | I21: =SUM(C21:G21) -> 250 | J21: =AVERAGE(C21:G21) -> 50 | K21: =IF(AND(C21>=50,D21>=50,E21>=50,F21>=50,G21>=50,OR(H21="A",H21="B",H21="C")),"Pass","Fail") -> Fail | L21: =IF(AND(J21>=75),"DISTINCTION","BELOW DISTINCTION") -> BELOW DISTINCTION | M21: 20 | N21: =IF(AND(J21>=65,J21<75),"1ST CLASS","2NDCLASS") -> 2NDCLASS
L22: =COUNTIF(L2:L21,"DISTINCTION") -> 6

Sheet Sheet2
A1: PRN | B1: NAME | C1: TOTAL | D1: RESULT
A2: 25070521161 | B2: Student1 | C2: =VLOOKUP(A2,Sheet1!A2:N21, 9, 0) -> 459 | D2: =VLOOKUP(A2,Sheet1!A2:N21, 11, 0) -> Pass
A3: 25070521176 | B3: =VLOOKUP(A3,Sheet1!A3:N22, 2, 0) -> Student2 | C3: =VLOOKUP(A3,Sheet1!A3:N22, 9, 0) -> 446 | D3: =VLOOKUP(A3,Sheet1!A3:N22, 11, 0) -> Pass
A4: 25070521175 | B4: =VLOOKUP(A4,Sheet1!A4:N23, 2, 0) -> Student3 | C4: =VLOOKUP(A4,Sheet1!A4:N23, 9, 0) -> 400 | D4: =VLOOKUP(A4,Sheet1!A4:N23, 11, 0) -> Pass
A5: 25070521171 | B5: =VLOOKUP(A5,Sheet1!A5:N24, 2, 0) -> Student4 | C5: =VLOOKUP(A5,Sheet1!A5:N24, 9, 0) -> 391 | D5: =VLOOKUP(A5,Sheet1!A5:N24, 11, 0) -> Fail
A6: 25070521172 | B6: =VLOOKUP(A6,Sheet1!A6:N25, 2, 0) -> Student5 | C6: =VLOOKUP(A6,Sheet1!A6:N25, 9, 0) -> 382 | D6: =VLOOKUP(A6,Sheet1!A6:N25, 11, 0) -> Fail
A7: 25070521168 | B7: =VLOOKUP(A7,Sheet1!A7:N26, 2, 0) -> Student6 | C7: =VLOOKUP(A7,Sheet1!A7:N26, 9, 0) -> 378 | D7: =VLOOKUP(A7,Sheet1!A7:N26, 11, 0) -> Pass
A8: 25070521178 | B8: =VLOOKUP(A8,Sheet1!A8:N27, 2, 0) -> Student7 | C8: =VLOOKUP(A8,Sheet1!A8:N27, 9, 0) -> 370 | D8: =VLOOKUP(A8,Sheet1!A8:N27, 11, 0) -> Pass
A9: 25070521177 | B9: =VLOOKUP(A9,Sheet1!A9:N28, 2, 0) -> Student8 | C9: =VLOOKUP(A9,Sheet1!A9:N28, 9, 0) -> 367 | D9: =VLOOKUP(A9,Sheet1!A9:N28, 11, 0) -> Fail
A10: 25070521173 | B10: =VLOOKUP(A10,Sheet1!A10:N29, 2, 0) -> Student9 | C10: =VLOOKUP(A10,Sheet1!A10:N29, 9, 0) -> 360 | D10: =VLOOKUP(A10,Sheet1!A10:N29, 11, 0) -> Fail
A11: 25070521174 | B11: =VLOOKUP(A11,Sheet1!A11:N30, 2, 0) -> Student10 | C11: =VLOOKUP(A11,Sheet1!A11:N30, 9, 0) -> 359 | D11: =VLOOKUP(A11,Sheet1!A11:N30, 11, 0) -> Pass
A12: 25070521162 | B12: =VLOOKUP(A12,Sheet1!A12:N31, 2, 0) -> Student11 | C12: =VLOOKUP(A12,Sheet1!A12:N31, 9, 0) -> 345 | D12: =VLOOKUP(A12,Sheet1!A12:N31, 11, 0) -> Fail
A13: 25070521166 | B13: =VLOOKUP(A13,Sheet1!A13:N32, 2, 0) -> Student12 | C13: =VLOOKUP(A13,Sheet1!A13:N32, 9, 0) -> 341 | D13: =VLOOKUP(A13,Sheet1!A13:N32, 11, 0) -> Fail
A14: 25070521167 | B14: =VLOOKUP(A14,Sheet1!A14:N33, 2, 0) -> Student13 | C14: =VLOOKUP(A14,Sheet1!A14:N33, 9, 0) -> 340 | D14: =VLOOKUP(A14,Sheet1!A14:N33, 11, 0) -> Fail
... A21: 25070521165 | B21: =VLOOKUP(A21,Sheet1!A21:N40, 2, 0) -> Student20 | C21: =VLOOKUP(A21,Sheet1!A21:N40, 9, 0) -> 250 | D21: =VLOOKUP(A21,Sheet1!A21:N40, 11, 0) -> Fail
